{
    "vertices":[1.25176,-0.655821,1.2435,1.25176,-0.655821,1.23112,1.25176,-0.658538,1.2435,1.25176,-0.658538,1.21874,1.25176,-0.661254,1.21874,1.25176,-0.661254,1.2435,1.25176,-0.655821,1.21874,1.25176,-0.658538,1.23112,1.25176,-0.661254,1.23112,1.25176,-0.655821,1.23634,1.25176,-0.658538,1.23634,1.25176,-0.657764,1.23112,1.25176,-0.658538,1.2259,1.25176,-0.659311,1.21874,1.25176,-0.655821,1.25162,1.25176,-0.661254,1.21062,1.25176,-0.663784,1.23112,1.25176,-0.661254,1.25162,1.25176,-0.658538,1.21062,1.25176,-0.653292,1.23112,1.25176,-0.663784,1.2435,1.25176,-0.658538,1.25162,1.25176,-0.655821,1.21062,1.25176,-0.653292,1.21874,1.25176,-0.653292,1.2435,1.25176,-0.663784,1.21874,1.25176,-0.661254,1.23634,1.25176,-0.655821,1.2259,1.25176,-0.657765,1.2435,1.25176,-0.659311,1.23112,1.25176,-0.659311,1.2435,1.25176,-0.657765,1.21874,1.25176,-0.661254,1.2259,1.25176,-0.657764,1.2259,1.25176,-0.657765,1.23634,1.25176,-0.659311,1.2259,1.25176,-0.659311,1.23634,1.25176,-0.663151,1.24959,1.25176,-0.659311,1.25162,1.25176,-0.657765,1.21062,1.25176,-0.659311,1.21062,1.25176,-0.653292,1.23634,1.25176,-0.653292,1.2259,1.25176,-0.663784,1.23634,1.25176,-0.657765,1.25162,1.25176,-0.653924,1.21265,1.25176,-0.653924,1.24959,1.25176,-0.663151,1.21265,1.25176,-0.663784,1.2259],
    "uvs":[[0.194269,0.801862,0.146859,0.801862,0.146859,0.627355,0.194269,0.627355,0.255956,0.627355,0.255956,0.801862,0.240534,0.950428,0.194269,0.99995,0.146859,0.99995,0.194269,0.500007,0.14686,0.500007,0.14686,0.372658,0.19427,0.372658,0.255958,0.372658,0.255957,0.500007,0.128004,0.801861,0.10915,0.801861,0.10915,0.627353,0.128005,0.627354,0.128003,0.99995,0.109148,0.99995,0.128005,0.198146,0.10915,0.198146,0.109149,5.05851e-05,0.128005,5.05851e-05,0.146861,5.05851e-05,0.14686,0.198145,0.128005,0.372659,0.109151,0.372659,0.0617398,0.198146,5.20389e-05,0.198145,0.015473,0.0495742,0.0617387,5.05851e-05,0.0617407,0.372659,5.33109e-05,0.372658,0.0617405,0.801861,5.42196e-05,0.801861,5.4583e-05,0.627353,0.0617412,0.627353,0.0617394,0.99995,0.0154752,0.950427,0.194271,0.198145,0.194272,5.05851e-05,0.240539,0.0495742,0.25596,0.198145,0.128005,0.500007,0.109151,0.500007,0.0617412,0.500007,5.42196e-05,0.500006]],
    "metadata":{
        "materials":1,
        "version":3,
        "generator":"io_three",
        "uvs":1,
        "vertices":49,
        "type":"Geometry",
        "faces":36
    },
    "materials":[{
        "shading":"phong",
        "transparent":false,
        "depthTest":true,
        "colorDiffuse":[0.64,0.64,0.64],
        "visible":true,
        "mapDiffuse":"nivel_aceite_decal.png",
        "DbgName":"Material.012",
        "blending":"NormalBlending",
        "specularCoef":50,
        "colorSpecular":[0.5,0.5,0.5],
        "depthWrite":true,
        "wireframe":false,
        "mapDiffuseWrap":["RepeatWrapping","RepeatWrapping"],
        "DbgIndex":0,
        "opacity":1,
        "DbgColor":15658734,
        "mapDiffuseAnisotropy":1,
        "mapDiffuseRepeat":[1,1],
        "colorEmissive":[0,0,0]
    }],
    "faces":[11,0,28,34,9,0,0,1,2,3,11,0,9,41,24,0,0,3,4,5,11,0,24,46,14,0,0,5,6,7,11,0,14,44,28,0,0,7,8,1,11,1,11,33,27,0,9,10,11,12,11,1,27,42,19,0,9,12,13,14,11,1,19,41,9,0,9,14,4,3,11,1,9,34,11,0,9,3,2,10,11,2,30,36,10,0,15,16,17,18,11,2,10,34,28,0,15,18,2,1,11,2,28,44,21,0,15,1,8,19,11,2,21,38,30,0,15,19,20,16,11,3,13,40,18,0,21,22,23,24,11,3,18,39,31,0,21,24,25,26,11,3,31,33,12,0,21,26,11,27,11,3,12,35,13,0,21,27,28,22,11,4,25,47,15,0,29,30,31,32,11,4,15,40,13,0,29,32,23,22,11,4,13,35,32,0,29,22,28,33,11,4,32,48,25,0,29,33,34,30,11,5,20,43,26,0,35,36,37,38,11,5,26,36,30,0,35,38,17,16,11,5,30,38,17,0,35,16,20,39,11,5,17,37,20,0,35,39,40,36,11,6,31,39,22,0,41,26,25,42,11,6,22,45,23,0,41,42,43,44,11,6,23,42,27,0,41,44,13,12,11,6,27,33,31,0,41,12,11,26,11,7,29,35,12,0,45,46,28,27,11,7,12,33,11,0,45,27,11,10,11,7,11,34,10,0,45,10,2,18,11,7,10,36,29,0,45,18,17,46,11,8,16,48,32,0,47,48,34,33,11,8,32,35,29,0,47,33,28,46,11,8,29,36,26,0,47,46,17,38,11,8,26,43,16,0,47,38,37,48],
    "name":"Cube.007Geometry.2"
}